분류,제목,발행기관,연도,신뢰도,URL
원본통계,2024 국민문화예술활동조사 (정책 원문),문화체육관광부·한국문화관광연구원,2024,B,https://mcst.go.kr/site/s_policy/dept/deptView.jsp?pSeq=2059&pDataCD=0417000000&pType=
원본통계,국민문화예술활동조사 보도자료,문화체육관광부,2024,B,https://www.mcst.go.kr/site/s_notice/press/pressView.jsp?pSeq=21576
원본통계,국민문화예술활동조사 보도자료 (korea.kr),문화체육관광부,2024,B,https://www.korea.kr/briefing/pressReleaseView.do?newsId=156667716
원본통계,국민문화예술활동조사 원시데이터 ★직접집계용,문화체육관광부,2024,A,https://www.data.go.kr/data/15119016/fileData.do
원본통계,문화예술행사 관람률 지표 (KOSIS),통계청,2025,A,https://kosis.kr/visual/nsportalStats/detailContents.do?statJipyoId=3703
원본통계,문화예술행사 관람률 (국가지표체계),통계청,2025,A,https://www.index.go.kr/unify/idx-info.do?idxCd=4251
원본통계,2023년 기준 지역문화실태조사 및 분석 연구,문화체육관광부,2024,A,https://www.mcst.go.kr/site/s_policy/dept/deptView.jsp?pSeq=2000&pDataCD=0417000000&pType=02
원본통계,지역문화실태조사 보도자료,문화체육관광부,2024,A,https://www.korea.kr/briefing/pressReleaseView.do?newsId=156686892
원본통계,지역문화 실태조사 및 종합지수 결과 발표,문화체육관광부,2024,A,https://www.mcst.go.kr/site/s_notice/press/pressView.jsp?pSeq=17158
원본통계,지역문화통합정보시스템,문화체육관광부,2025,A,https://www.culture.go.kr/local/clar/infoView.do
원본통계,2023 전국 문화기반시설 총람 (PDF),예술경영지원센터,2023,A,https://www.gokams.or.kr/DATA/GO/%5B%EB%B6%99%EC%9E%842%5D%202023%20%EC%A0%84%EA%B5%AD%20%EB%AC%B8%ED%99%94%EA%B8%B0%EB%B0%98%EC%8B%9C%EC%84%A4%20%EC%B4%9D%EB%9E%8C(36).pdf
원본통계,청년문화예술패스 공식 안내,한국문화예술위원회,2025,A,https://www.arko.or.kr/content/6033
원본통계,청년문화예술패스 이용률 14.3% 국정감사 보도자료 ★,조계원 의원실,2024,A,https://theminjoo.kr/main/sub/news/view.php?brd=17&post=1206778
원본통계,청년문화예술패스 2년째 반쪽 집행 (집행률 51.2%) ★,아시아경제,2026,A,https://view.asiae.co.kr/article/2026011908010138959
원본통계,청년문화예술패스 지역 격차 보도,이슈온,2026,B,https://www.issueon.co.kr/news/articleView.html?idxno=7947
원본통계,청년문화예술패스 발급률 50% 돌파,서울신문,2024,B,https://www.seoul.co.kr/news/life/exhibition/2024/04/11/20240411500195
원본통계,서울청년문화패스 장르별 예매 비중,서울시,2025,B,https://news.seoul.go.kr/culture/archives/531194
원본통계,광주 전통시장 세대별 카드소비 ★핵심,광주광역시 데이터정보화담당관·신한카드,2025,A,https://news.gwangju.go.kr/gallery.es?mid=a40200000000&bid=0009&act=view&list_no=4899&nPage=1
용돈,퍼핀 용돈 통계 2025 (학년별 실거래) ★핵심,레몬트리/퍼핀,2025,A,https://www.firfin.family/blog/post/detail/pocket_money_statistics_2025
용돈,퍼핀 용돈 통계 (이전 회차),레몬트리/퍼핀,2024,A,https://www.firfin.family/blog/post/detail/pocket_money_statistics
용돈,우리은행 틴즈 다이어리 보도 (월 10만원),뉴데일리,2025,A,https://biz.newdaily.co.kr/site/data/html/2025/01/23/2025012300090.html
용돈,우리은행 틴즈 다이어리 보도,뉴스투데이,2025,A,https://www.news2day.co.kr/article/20250123500076
용돈,우리은행 틴즈 다이어리 보도 (저축 92.8%),파이낸셜신문,2025,A,https://www.efnews.co.kr/news/articleView.html?idxno=117469
용돈,요즘 10대 소비 행태,농민신문,2025,B,https://www.nongmin.com/article/20250124500738
용돈,청소년 체크카드 월 147900원 ★핵심,KB,2024,A,https://kbthink.com/main/asset-management/moneyclass/teens-money-master/youth-card-trend-2024.html
용돈,아이들 월평균 용돈 (2022 비교군),세계일보,2022,B,https://www.segye.com/newsView/20220126517107
용돈,2025년 버전 용돈금액,하나은행,2025,B,https://ibooja.hanabank.com/45
보고서,수도권 떠난 청년과 비수도권 잔류 청년 삶의 질 비교 (PDF) ★,통계청 KOSTAT 통계플러스 2024 가을호,2024,A,https://kostat.go.kr/boardDownload.es?bid=11918&list_no=432936&seq=1
보고서,수도권 청년 삶의 질 보도,뉴시스,2024,A,https://www.newsis.com/view/NISX20240926_0002900237
보고서,광주전남지역 소비행태의 특징 및 시사점,한국은행 광주전남본부,2024,B,https://www.bok.or.kr/portal/bbs/P0000800/view.do?nttId=10046287&menuNo=200560
보고서,코로나19 이후 광주전남지역 소비행태 변화 분석,한국은행 광주전남본부,2022,B,https://eiec.kdi.re.kr/policy/domesticView.do?ac=0000162060
보고서,한국은행 조사연구자료 목록,한국은행,2025,A,https://www.bok.or.kr/portal/bbs/P0000800/list.do?menuNo=200560&searchBbsSeCd=z14
보고서,인구구조 변화가 소비 둔화에 미치는 영향,한국은행,2025,A,https://www.bok.or.kr/portal/bbs/B0000368/view.do?menuNo=201140&nttId=10091752
보고서,전라남도 지역현황 통계분석 보고서 (PDF),전남테크노파크,2025,A,https://data.jntp.or.kr/files/20251029/2025102909460553599.pdf
미검증,문화 향유는 사회자본 형성에 어떻게 기여하는가 (이희정),사회통합연구 7-2,2026,미확인,https://www.e-sir.org/archive/view_article?pid=sir-7-2-107
미검증,KCTI 발간물 포털 (지방소멸 청년 문화향유 보고서 확인용),한국문화관광연구원,2025,미확인,https://www.kcti.re.kr/web/board/boardList.do?bbs_id=data01
대체문헌,인천 청년 문화향유 실태 연구 (방법론 참고),KCI,2020,A,https://www.kci.go.kr/kciportal/ci/sereArticleSearch/ciSereArtiView.kci?sereArticleSearchBean.artiId=ART002686046
대체문헌,문화지수와 사회경제적 변수 간의 상관관계 연구,KCI,2023,A,https://www.kci.go.kr/kciportal/ci/sereArticleSearch/ciSereArtiView.kci?sereArticleSearchBean.artiId=ART003278600
대체문헌,문화기반시설의 지역 간 격차와 영향요인 분석,한국정책학회보,2024,A,https://kpaj.or.kr/_PR/view/?aidx=36013&bidx=3230
대체문헌,지방소멸극복을 위한 지역문화예술산업과 문화유산 활성화 정책 연구,KCI,2024,A,https://www.kci.go.kr/kciportal/ci/sereArticleSearch/ciSereArtiView.kci?sereArticleSearchBean.artiId=ART003235224
대체문헌,군집분석을 통해 살펴본 1인 가구의 연령대별 소비지출패턴,KCI,2013,A,https://www.kci.go.kr/kciportal/ci/sereArticleSearch/ciSereArtiView.kci?sereArticleSearchBean.artiId=ART001803399
참고,캐릿 x 신한카드 빅데이터연구소 소비 트렌드 (10대 20대 증가율),캐릿,2024,B,https://www.careet.net/1356
참고,신한카드 10대 20대 소비 트렌드 분석,한스경제,2024,B,http://www.hansbiz.co.kr/news/articleView.html?idxno=695584
참고,문화예술 관람률 증가세 지출 월평균 18만원,뉴시스,2024,B,https://www.newsis.com/view/NISX20241227_0003011855
참고,20~30대 문화예술 관람률 4%대 하락,뉴스핌,2023,B,https://www.newspim.com/news/view/20231226000260
참고,2025년 문화예술 직접 관람률 60.2%,머니투데이,2025,B,https://www.mt.co.kr/entertainment/2025/12/26/2025122608151941410
참고,대학내일20대연구소,대학내일20대연구소,2025,B,https://www.20slab.org/archives/22176
접근성,문화예술행사 관람 저해 요인 (가까운 곳에 시설 없음 12.4%),문화체육관광부 정책브리핑,미확인,B,https://www.korea.kr/news/policyNewsView.do?newsId=148932559
접근성,시설만 지으면 문화 소외 해결? 지방 전시장·공연장 텅 비었다 ★도농격차 15.5%p,더나은미래,2025,B,https://www.futurechosun.com/archives/46665
접근성,지역 문화·예술 접근 불평등 ★문예회관 없는 지자체,슈퍼로컬 프로젝트,2025,B,https://superlocal.percent.ac/problems/local-arts-access
접근성,통계로 읽는 한국 문화의 현 주소(3) ★시도별 관람률·인프라 역설,천지일보,2025,B,https://www.newscj.com/news/articleView.html?idxno=3377295
접근성,2018 문화향수실태조사 (읍면 71.7% vs 대도시 85.2%),문화체육관광부,2018,A,https://mcst.go.kr/kor/s_notice/press/pressView.jsp?pSeq=17101
접근성,연극 관람 의향률 10년간 반토막 (10대 의향 76.1% 비용 33.8%),문화일보,2025,B,https://www.munhwa.com/article/11587890
접근성,연극 관람 의향률 반토막 (동일 조사 보도),서울경제,2025,B,https://www.sedaily.com/article/20042131
접근성,여가정책의 중요성 인식 연구 지역규모 중심 (대도시 57.2% vs 읍면 44.7%),KCI,2022,A,https://www.kci.go.kr/kciportal/landing/article.kci?arti_id=ART003038211
접근성,인천시민 역외 문화소비 한눈 판다 ★역외소비,경인일보,2025,B,https://www.kyeongin.com/article/1757907
접근성,심각한 인천시민 문화 역외소비 대책 세워야 (사설),경인일보,2025,B,https://www.kyeongin.com/article/1758099
접근성,공연장 없는데 지방 공연 의무화? 수도권 쏠림,SBS Biz,2025,B,https://biz.sbs.co.kr/article/20000335530
접근성,지역 문화공연장 격차 인프라부터 바로잡아야 (사설),경기신문,2025,B,https://www.kgnews.co.kr/news/article.html?no=848095
접근성,농촌지역의 대중교통을 이용한 공공서비스시설 접근성 분석 (PDF),한국농촌건축학회,2016,A,https://koreascience.kr/article/JAKO201606776295605.pdf
접근성,KRIHS POLICY BRIEF No.503 생활SOC 접근성 (PDF),국토연구원,2015,A,https://www.krihs.re.kr/galleryPdfView.es?bid=0022&list_no=27199&seq=1
접근성,지역별 공연장 수 (2022),KOSIS,2022,A,https://kosis.kr/edu/visualStats/detail.do?menuId=M_05&ixId=1462
접근성,문화예술 기반시설의 지역 간 격차 분석 경기도 중심,KCI,2020,A,https://www.kci.go.kr/kciportal/ci/sereArticleSearch/ciSereArtiView.kci?sereArticleSearchBean.artiId=ART002731427
접근성,대형 공연 보러 서울 안 가도 된다 (제3차 지역문화진흥 기본계획),아시아경제,2026,B,https://view.asiae.co.kr/article/2026091507063658756
